Name,Time,Url
,,http://item.jd.com/100010667255.html
,,http://item.jd.com/100009808171.html
,,http://item.jd.com/10023433241399.html
,,http://item.jd.com/100010170063.html
,,http://item.jd.com/10024849492853.html
,,http://item.jd.com/100020890304.html
,,http://item.jd.com/67126728006.html
,,http://item.jd.com/100012545896.html
,,http://item.jd.com/10027878781274.html
,,http://item.jd.com/10025450195565.html
,,http://item.jd.com/10026670769502.html
,,http://item.jd.com/10022753225914.html
,,http://item.jd.com/10030497749987.html
,,http://item.jd.com/10021829096279.html
,,http://item.jd.com/100020061566.html
,,http://item.jd.com/44290933694.html
,,http://item.jd.com/50004518652.html
,,http://item.jd.com/10023261415112.html
,,http://item.jd.com/10027891409369.html
,,http://item.jd.com/71692916171.html
,,http://item.jd.com/61720536380.html
,,http://item.jd.com/100016488574.html
,,http://item.jd.com/10028212459676.html
,,http://item.jd.com/10023409497124.html
,,http://item.jd.com/57167910364.html
,,http://item.jd.com/100011714429.html
,,http://item.jd.com/10026596615413.html
,,http://item.jd.com/10022753040531.html
,,http://item.jd.com/70408037898.html
,,http://item.jd.com/71477558781.html
